campaign_name,impressions,clicks,installs,spend,CTR,CPI
Super campaign 10,0.0,5429764.0,213682.0,57194.67,5429764.0,0.26766255463726474
Super campaign 13,0.0,0.0,2.0,0.0,0.0,0.0
Super campaign 16,245177026.0,2132984.0,28776.0,18314.5937,0.008699771078877512,0.6364537705031972
Super campaign 4,0.0,0.0,26.0,0.0,0.0,0.0
Super campaign 5,0.0,0.0,1072.0,0.0,0.0,0.0
Super campaign 6,95681244.0,847818.0,3776.0,1422.1974,0.008860858874284703,0.37664126059322034
Super campaign 9,0.0,0.0,541224.0,0.0,0.0,0.0
